sno,sna,tot,sbi,mday,lat,lng,bemp,act
1001,大鵬華城,38,0,20210224160345,24.99116,121.53398,38,1
1002,汐止火車站,56,35,20210224160323,25.068914,121.662748,19,1
1003,汐止區公所,46,12,20210224160318,25.064162,121.658301,34,1
1004,國泰綜合醫院,56,16,20210224160328,25.07315,121.662555,39,1
1005,裕隆公園,40,6,20210224160328,24.979649,121.546319,34,1
1006,捷運大坪林站(5號出口),94,4,20210224160334,24.98283,121.54362,90,1
1007,汐科火車站(北),34,15,20210224160330,25.064106,121.653019,19,1
1008,興華公園,40,20,20210224160324,25.060125,121.483101,20,1
1009,三重國民運動中心,68,15,20210224160330,25.054391,121.488489,53,1
1010,捷運三重站(3號出口),34,3,20210224160329,25.055883,121.484739,31,1
1011,樟樹國小,48,9,20210224160344,25.066688,121.640367,39,1
1012,金龍國小,52,1,20210224160336,25.0688,121.628908,50,1
1013,白雲國小,46,0,20210106092234,25.047578,121.618888,0,0
1014,東勢宜興活動中心,52,2,20210224160238,25.039031,121.624333,50,1
1015,後港公園,40,8,20210224160320,25.025358,121.428348,32,1
1016,福營行政中心,42,23,20210224160334,25.024125,121.42387,19,1
1017,西盛公園,36,3,20210224160342,25.017113,121.428048,33,1
1018,忠誠里(北新路2段97巷),40,8,20210224160332,24.974272,121.542779,30,1
1019,仁愛廣場,50,9,20210224160343,25.090565,121.471621,41,1
1020,重陽國小,42,7,20210224160323,25.066245,121.484337,28,1
1021,明志國中,50,8,20210224160332,25.063396,121.488982,42,1
1022,三重商工,64,50,20210224160323,25.068681,121.480705,14,1
1023,捷運新莊站(1號出口),58,22,20210224160335,25.036152,121.452069,36,1
1024,原興廣場,52,3,20210224160331,25.065042,121.633149,49,1
1025,文化白雲公園,76,3,20210224160234,25.056875,121.655207,73,1
1026,秀山國小,62,6,20210224160340,24.996151,121.521988,55,1
1027,捷運永安市場站,72,50,20210224160329,25.001013,121.511588,22,1
1028,福和國中,66,14,20210224160342,25.005952,121.52093,52,1
1029,仁愛公園,60,1,20210224160342,25.009838,121.505825,58,1
1030,中和公園,46,17,20210224160344,25.000726,121.51435,26,1
1031,金龍公園,52,3,20210224160319,25.069473,121.631525,49,1
1032,重陽公園,50,20,20210224160342,25.085688,121.483618,30,1
1033,捷運三民高中站(1號出口),78,30,20210224160316,25.085815,121.472722,47,1
1034,中原公園,58,5,20210224160330,25.083316,121.463894,52,1
1035,丹鳳派出所,38,6,20210224160332,25.027694,121.414662,32,1
1036,小金門友誼公園,60,3,20210224160321,24.977227,121.53814,55,1
1037,中興寶橋路口,52,22,20210224160341,24.97618,121.54687,29,1
1038,新莊棒球場,74,1,20210224160330,25.041603,121.446053,71,1
1039,頂溪國小,44,13,20210224160343,25.015811,121.511261,30,1
1040,永和國小,38,18,20210224160336,25.002272,121.517442,20,1
1041,秀朗國小,48,7,20210224160315,24.999392,121.522843,41,1
1042,台北慈濟醫院,40,24,20210224160317,24.985872,121.536887,16,1
1043,捷運頂溪站(1號出口),36,0,20210224160331,25.012176,121.515271,35,1
1044,保安永平路口,42,4,20210224160325,25.012691,121.506471,36,1
1045,崇光女中,36,11,20210224160328,24.972127,121.539554,25,1
1046,新店高中,42,0,20210224160333,24.974181,121.534209,42,1
1047,新莊文化藝術中心,48,37,20210224160335,25.04715,121.444453,11,1
1048,中華中原路口,58,9,20210224160334,25.054232,121.451752,49,1
1049,新北高中,60,1,20210224160344,25.087225,121.489525,59,1
1050,福壽公園,36,9,20210224160330,25.051829,121.457746,27,1
1051,保長公園,60,5,20210224160338,25.079523,121.674342,55,1
1052,新店公有中央市場,36,6,20210224160343,24.975308,121.527287,30,1
1053,永平高中,34,14,20210224160335,25.00979,121.509092,18,1
1054,惠國市場,36,10,20210224160332,24.970415,121.543384,26,1
1055,陽光橋,40,4,20210224160334,24.978494,121.524176,34,1
1056,中興寶慶街口,50,8,20210224160331,24.986942,121.54195,41,1
1057,東方科學園區,52,17,20210224160322,25.061262,121.649512,35,1
1058,連興龍安路口,70,14,20210224160350,25.062989,121.65443,55,1
1059,青山國民中小學,50,7,20210224160336,25.061034,121.655586,42,1
1060,汐止區綜合運動場,44,23,20210224160334,25.066238,121.659067,21,1
1061,汐止公園,52,31,20210224160324,25.067682,121.659763,21,1
1062,保順環河西路口,58,1,20210224160320,25.010786,121.503376,57,1
1063,台灣科學園區,40,24,20210224160337,25.0579,121.634899,16,1
1064,中正國小,32,13,20210224160332,24.971496,121.536296,18,1
1065,開元市民活動中心,42,4,20210224160325,25.066074,121.503557,38,1
1066,雍和科學園區,44,31,20210224160344,25.058078,121.626018,12,1
1067,二重國小,46,21,20210224160335,25.065976,121.477656,25,1
1068,二重國中,70,10,20210224160337,25.065957,121.480465,60,1
1069,三重行政中心,44,17,20210224160342,25.060566,121.488229,27,1
1070,新北市立圖書館三重分館,50,19,20210224160324,25.066099,121.495529,31,1
1071,三張公園,40,1,20210224160316,25.070507,121.490935,38,1
1072,捷運丹鳳站(1號出口),46,18,20210224160323,25.029032,121.422799,26,1
1073,永福橋,50,5,20210224160330,25.010032,121.524184,45,1
1074,中港國小,50,1,20210224160344,25.045673,121.4478,48,1
1075,六合公園,40,11,20210224160341,25.069499,121.487588,29,1
1076,正義公園,52,14,20210224160332,25.068551,121.497818,38,1
1077,捷運徐匯中學站(1號出口),56,18,20210224160321,25.080468,121.479852,38,1
1078,黃城公園,38,6,20210224160344,25.052382,121.448239,31,1
1079,捷運菜寮站(3號出口),30,11,20210224160333,25.060471,121.492198,19,1
1080,捷運三和國中站(1號出口),88,43,20210224160331,25.075881,121.487795,45,1
1081,中和國民運動中心,50,11,20210224160343,24.993477,121.487692,39,1
1082,四維公園,40,9,20210224160344,25.021308,121.422185,31,1
1083,蘆洲國民運動中心,42,15,20210224160320,25.091945,121.461613,27,1
1084,和平公園,26,1,20210224160321,25.070884,121.485712,25,1
1085,三重綜合體育館,52,32,20210224160333,25.061446,121.491926,20,1
1086,信義公園,36,11,20210224160323,25.064804,121.498749,25,1
1087,捷運小碧潭站(1號出口),44,10,20210224160326,24.97152,121.53029,34,1
1088,秀得里(成功路二段),28,14,20210224160342,25.000705,121.526729,12,1
1089,永平公園,44,24,20210224160328,25.089987,121.459424,20,1
1090,永康公園,34,2,20210224160342,25.08492,121.45821,32,1
1091,頭前運動公園,50,7,20210224160342,25.05218,121.462124,42,1
1092,頭前國中,42,4,20210224160346,25.054464,121.459318,38,1
1093,建國民權路口,46,23,20210224160329,24.983184,121.537462,23,1
1094,聯邦公園,48,4,20210224160325,25.064447,121.48371,42,1
1095,捷運蘆洲站,92,73,20210224160325,25.091637,121.464031,19,1
1096,集成成功路口,32,7,20210224160335,25.051542,121.488208,25,1
1097,板橋國民運動中心,44,7,20210224160336,25.022235,121.458152,37,1
1098,永安公園,38,13,20210224160328,25.024478,121.477572,25,1
1099,捷運江子翠站(3號出口),44,32,20210224160345,25.029729,121.472359,10,1
1100,音樂公園,48,3,20210224160336,25.028631,121.48046,45,1
1101,捷運七張站(1號出口),42,10,20210224160341,24.974996,121.542767,31,1
1102,北新國小,44,8,20210224160343,24.974233,121.544428,36,1
1103,捷運新埔站(2號出口),40,33,20210224160334,25.022095,121.467598,7,1
1104,聯合醫院板橋院區,34,20,20210224160345,25.023832,121.457773,14,1
1105,捷運板橋站(3號出口),68,4,20210224160326,25.014797,121.462051,64,1
1106,民生公園,42,16,20210224160332,25.013087,121.475894,26,1
1107,新北市政府(新府路),56,46,20210224160345,25.012374,121.464224,10,1
1108,捷運板橋站(1號出口),102,51,20210224160328,25.013174,121.4619,51,1
1109,板橋地政事務所,52,12,20210224160337,25.007983,121.463387,40,1
1110,板橋戶政事務所,44,14,20210224160327,25.012839,121.456308,30,1
1111,板橋和平公園,40,8,20210224160315,24.997679,121.464326,32,1
1112,碧華公園,36,11,20210224160329,25.083741,121.487491,25,1
1113,五福里(五華街),52,14,20210224160343,25.081725,121.493902,38,1
1114,同安公園,30,5,20210224160334,25.05732,121.499067,25,1
1115,中華里(中華路二段),38,2,20210224160319,25.045951,121.453766,36,1
1116,中華自治街口,36,1,20210224160339,25.047855,121.453202,35,1
1117,捷運府中站(3號出口),42,22,20210224160325,25.008999,121.458776,20,1
1118,捷運亞東醫院站(2號出口),52,16,20210224160340,24.99783,121.452315,36,1
1119,新泰公園,42,10,20210224160318,25.0372,121.444946,32,1
1120,上林里(環河東路一段),38,9,20210224160237,25.014999,121.520951,29,1
1121,進安公園,34,2,20210224160328,25.086031,121.493774,32,1
1122,自強溪尾街口,40,12,20210224160344,25.07822,121.490157,28,1
1123,捷運三重國小站,52,20,20210224160332,25.070418,121.497126,32,1
1124,五堵火車站,68,30,20210224160323,25.077493,121.666869,38,1
1125,捷運南勢角站(4號出口),76,27,20210224160326,24.98942,121.50995,49,1
1126,柳堤公園,42,5,20210224160328,25.087989,121.462192,37,1
1127,新北市立圖書館總館,36,19,20210224160335,25.001583,121.455524,17,1
1128,永福國小,36,5,20210224160343,25.077714,121.480315,31,1
1129,明志國小,64,4,20210224160338,25.045729,121.426269,60,1
1130,蘆洲三民公園,34,15,20210224160317,25.094306,121.460134,18,1
1131,臺北醫院,34,7,20210224160342,25.043536,121.459772,26,1
1132,重新重安街口,36,24,20210224160322,25.058443,121.489751,12,1
1133,柴埕市民活動中心,38,7,20210224160323,24.966775,121.516479,31,1
1134,思賢國小,52,4,20210224160327,25.046446,121.457716,47,1
1135,莊敬公園,38,0,20210224160334,25.020983,121.470821,38,1
1136,豐年國小,34,7,20210224160332,25.031278,121.44323,27,1
1137,新海長江路口,36,8,20210224160315,25.02853,121.457367,28,1
1138,捷運新埔站(4號出口),50,11,20210224160324,25.023491,121.468559,39,1
1139,板橋仁愛公園,52,39,20210224160319,24.99643,121.459696,13,1
1140,泰山國小,32,14,20210224160339,25.062345,121.431475,18,1
1141,縣民民族路口,36,3,20210224160336,25.010012,121.461097,33,1
1142,光華東帝士,40,15,20210224160336,25.010795,121.427836,25,1
1143,廣福公園,38,7,20210224160318,24.991643,121.462872,31,1
1144,板橋四維公園,54,7,20210224160332,25.025464,121.462633,46,1
1145,捷運頂埔站(2號出口),52,12,20210224160337,24.959276,121.419008,40,1
1146,龍門龍濱路口,36,13,20210224160321,25.073475,121.500977,23,1
1147,青潭國小,40,20,20210224160334,24.953101,121.551813,20,1
1148,金城忠義路口,34,12,20210224160334,24.969399,121.440808,22,1
1149,華德公園,38,8,20210224160333,24.991683,121.45332,30,1
1150,橋東里(忠孝東路),40,1,20210224160341,25.073682,121.666257,39,1
1151,中山國中,36,10,20210224160327,25.018559,121.467509,26,1
1152,捷運土城站(2號出口),52,20,20210224160334,24.972631,121.443563,32,1
1153,四川遠東路口,48,24,20210224160335,24.998003,121.457355,24,1
1154,員林社區公園,42,5,20210224160331,24.977883,121.443237,37,1
1155,中正橋,30,1,20210224160333,25.017757,121.516809,28,1
1156,北港國小,44,2,20210224160324,25.089027,121.645946,42,1
1157,捷運新店站,54,14,20210224160342,24.958605,121.538659,40,1
1158,錦和運動公園,36,12,20210224160335,24.992086,121.490671,24,1
1159,新樹公園,32,6,20210224160322,25.003383,121.433154,26,1
1160,中和環球購物中心,40,17,20210224160336,25.006367,121.474223,22,1
1161,楓樹腳公園,36,5,20210224160328,25.061938,121.434939,31,1
1162,厚德公園,36,4,20210224160343,25.071988,121.4912,32,1
1163,板橋信義公園,40,6,20210224160342,24.996183,121.456476,34,1
1164,國光里(國光路),34,6,20210224160316,25.017755,121.458308,28,1
1165,民生長江路口,100,8,20210224160326,25.030904,121.463596,90,1
1166,華福市民活動中心,36,6,20210224160320,24.995482,121.467525,30,1
1167,浮洲合宜住宅(合安一路),34,8,20210224160337,24.999329,121.446343,26,1
1168,建福公園,38,10,20210224160320,25.027694,121.426685,28,1
1169,水河里活動中心,52,9,20210224160335,25.093949,121.473913,43,1
1170,金城延和路口,38,0,20201102150708,24.989155,121.470454,0,0
1171,國光公園,48,14,20210224160330,25.019828,121.453852,34,1
1172,樹林火車站(後站),66,13,20210224160319,24.992553,121.424652,53,1
1173,文林國小,32,4,20210224160339,24.997856,121.42636,26,1
1174,土城綜合體育場,44,15,20210224160337,24.983671,121.454211,25,1
1175,板橋福德公園,32,23,20210224160344,25.011498,121.467415,9,1
1176,光華公園,32,3,20210224160337,25.005412,121.413157,29,1
1177,樹林大安活動中心,36,5,20210224160343,24.986391,121.41477,31,1
1178,三民中山一路口,36,6,20210224160326,25.082229,121.476004,30,1
1179,義學國小,34,3,20210224160317,25.051762,121.431669,31,1
1180,自然公園,34,9,20210224160325,25.08984,121.487987,24,1
1181,板林溪北路口,46,31,20210224160334,24.990555,121.42635,15,1
1182,新北市藝文中心,40,7,20210224160319,25.026542,121.472279,33,1
1183,大安中央路口,32,16,20210224160315,24.965619,121.43261,16,1
1184,中和地政事務所,28,3,20210224160319,24.990393,121.502397,25,1
1185,華夏科技大學,64,5,20210224160340,24.980672,121.507652,57,1
1186,同興公園,34,2,20210224160340,25.055188,121.432128,32,1
1187,新五泰國民運動中心,42,13,20210224160325,25.055865,121.434262,29,1
1188,溪洲公園停車場,34,3,20210224160328,24.986723,121.42682,31,1
1189,崑崙公園,38,7,20210224160333,24.993406,121.429636,29,1
1190,捷運海山站(3號出口),74,30,20210224160319,24.986923,121.449335,44,1
1191,興化公園,38,3,20210224160341,25.065234,121.461115,35,1
1192,潤泰社區,36,31,20210224160320,25.017953,121.479375,5,1
1193,西盛館,30,8,20210224160345,25.011905,121.432713,22,1
1194,秀朗成功路口,38,6,20210224160324,24.995821,121.52655,32,1
1195,板橋國中,54,1,20210224160320,25.024903,121.45431,51,1
1196,永豐公園活動中心,32,1,20210224160323,25.021127,121.476853,31,1
1197,義仁市民活動中心,36,9,20210224160323,25.050479,121.427667,27,1
1198,鶯歌國中,34,6,20210224160329,24.951734,121.342963,28,1
1199,捷運迴龍站(3號出口),60,12,20210224160337,25.02276,121.413053,46,1
1200,捷運先嗇宮站(2號出口),50,5,20210224160329,25.046068,121.470987,44,1
1201,鶯歌火車站(仁愛路),58,14,20210224160336,24.955591,121.354376,44,1
1202,建國育英路口,50,0,20201102151039,24.952761,121.347193,0,0
1203,鶯歌陶瓷老街,44,10,20210224160335,24.952226,121.351035,30,1
1204,立泰里(中環路二段),40,5,20210224160338,25.045676,121.442133,35,1
1205,竹圍公園,28,1,20210224160324,25.138234,121.463395,27,1
1206,新北市立鶯歌陶瓷博物館,40,1,20210224160335,24.949549,121.352832,39,1
1207,浮洲合宜住宅(樂群路),46,10,20210224160341,24.9969909,121.4465092,35,1
1208,尖山公園,44,8,20210224160326,24.94822,121.345767,36,1
1209,崇德橋東活動中心,46,9,20210224160327,25.070512,121.667002,31,1
1210,樹林區衛生所,38,4,20210224160332,24.983768,121.415032,34,1
1211,溪墘公園,36,10,20210224160339,25.079969,121.476205,26,1
1212,育德國小,34,4,20210224160324,24.970656,121.392602,30,1
1213,彭福國小,40,0,20210224160342,24.980335,121.423104,40,1
1214,民享藝文特區,36,5,20210224160336,25.003435,121.475345,31,1
1215,億光電子(樹林高中),40,28,20210224160320,24.983567,121.423601,12,1
1216,捷運永寧站(2號出口),32,26,20210224160328,24.965783,121.436227,6,1
1217,竿蓁市民活動中心,48,16,20210224160345,25.16509,121.450831,32,1
1218,長壽親子公園,38,5,20210224160357,24.991853,121.421371,33,1
1219,新市國小,36,15,20210224160322,25.185313,121.444332,21,1
1220,新北市立圖書館鶯歌分館,36,4,20210224160329,24.957195,121.349704,32,1
1221,德音國小,36,6,20210224160316,25.071515,121.43567,29,1
1222,中山北新春街口,40,1,20210224160344,25.180345,121.444742,39,1
1223,正德國中,40,0,20201102151100,25.178512,121.447874,0,1
1224,金城立體停車場,42,8,20210224160328,24.984102,121.458595,34,1
1225,先嗇宮,40,27,20210224160341,25.05119,121.476007,10,1
1226,板橋第一運動場,40,0,20201210085136,25.009061,121.468352,0,0
1227,光興國小,36,32,20210224160323,25.060339,121.500103,4,1
1228,安和市民活動中心,38,8,20210224160336,24.975317,121.515687,29,1
1229,景安板南路口,30,0,20210224160337,24.992249,121.504443,29,1
1230,新月橋,50,4,20210224160336,25.0323,121.450011,46,1
1231,修德國小,42,7,20210224160317,25.065295,121.49045,35,1
1232,福祥里(中和溝),38,15,20210224160329,25.005933,121.499565,23,1
1233,輕軌濱海義山站,40,9,20210224160334,25.189448,121.438708,31,1
1234,鴨母港抽水站,40,0,20210224160339,25.082935,121.456728,40,1
1235,捷運淡水站,106,29,20210224160327,25.168826,121.444183,77,1
1236,安成安德街口,36,6,20210224160343,24.961147,121.509988,27,1
1237,淡水國民運動中心,46,9,20210224160338,25.186496,121.443261,36,1
1238,捷運竹圍站,46,8,20210224160334,25.137658,121.460112,38,1
1239,龍門公園,38,9,20210224160338,25.074815,121.498484,29,1
1240,輕軌淡水行政中心站,34,12,20210224160326,25.188887,121.443505,22,1
1241,永安圖書館,36,5,20210224160341,25.078599,121.462228,31,1
1242,西盛廣場,34,17,20210224160330,25.000894,121.431485,16,1
1243,三峽區公所(三峽老街),42,17,20210224160323,24.934187,121.369158,24,1
1244,仁愛文化二路口,50,38,20210224160343,25.077118,121.374258,12,1
1245,崑崙活力廣場,42,4,20210224160319,24.993901,121.43288,38,1
1246,永盛公園,38,8,20210224160326,25.076133,121.484304,30,1
1247,鷺江廣場,32,4,20210224160337,25.085621,121.477694,28,1
1248,六張公園,36,7,20210224160316,25.069661,121.494048,29,1
1249,中山佳林路口,36,3,20210224160315,25.079592,121.385587,33,1
1250,國立臺北大學(三峽校區),58,14,20210224160321,24.945553,121.37326,43,1
1251,林口區公所,34,18,20210224160333,25.076742,121.388181,15,1
1252,新麗園社區,42,3,20210224160328,25.070428,121.376882,39,1
1253,中正富國路口,42,6,20210224160324,25.02594,121.417694,36,1
1254,大同國小,36,9,20210224160334,24.981146,121.416844,27,1
1255,新北市立圖書館五股成功分館,42,18,20210224160343,25.094784,121.446741,24,1
1256,民德立體停車場,32,2,20210224160337,24.999098,121.468345,30,1
1257,麗林公有市場,34,3,20210224160343,25.069123,121.367761,31,1
1258,南樹林火車站,34,13,20210224160324,24.980236,121.408605,21,1
1259,新北市立鶯歌高級工商職業學校,40,11,20210224160340,24.939095,121.334639,27,1
1260,行政院新莊聯合辦公大樓,44,35,20210224160338,25.055969,121.444423,9,1
1261,柑園五里聯合活動中心,40,9,20210224160326,24.950576,121.386183,31,1
1262,中和自強公園,30,18,20210224160319,24.999132,121.472513,12,1
1263,富貴森林公園,36,2,20210224160333,25.083156,121.378464,34,1
1264,林口自強公園,36,8,20210224160337,25.078126,121.397208,27,1
1265,永昌里兒一公園,36,11,20210224160322,24.956661,121.339645,25,1
1266,捷運林口站(1號出口),48,29,20210224160326,25.06597,121.361962,19,1
1267,南興公園,52,4,20210224160330,25.059779,121.652549,46,1
1268,立言公園,34,15,20210224160318,25.073427,121.36234,19,1
1269,溪北公園,36,4,20210224160336,24.99006,121.432281,32,1
1270,頂新祖田市民活動中心,34,10,20210224160331,24.95271,121.411768,23,1
1271,貴和市民活動中心,34,1,20210224160327,25.034961,121.421928,33,1
1272,頂埔國小,34,0,20210224160323,24.956343,121.414421,34,1
1273,三峽區礁溪行政中心,32,2,20210224160338,24.928438,121.375921,30,1
1274,林口國小,36,18,20210224160335,25.080533,121.389307,18,1
1275,南勢市民活動中心,34,5,20210224160317,25.074035,121.358924,29,1
1276,青山廣場,36,0,20210224160338,24.977837,121.459751,36,1
1277,林口社區運動公園,50,18,20210224160138,25.07415,121.377001,32,1
1278,捷運新莊站 ( 2號出口 ),40,21,20210224160331,25.036075,121.452792,18,1
1279,俊英俊保路口,30,16,20210224160323,25.00915,121.425183,14,1
1280,五股國民運動中心,36,12,20210224160337,25.095553,121.448652,24,1
1281,學成大義路口,46,8,20210224160318,24.945099,121.378671,38,1
1282,捷運頭前庄站(1號出口),114,79,20210224160339,25.039365,121.460856,34,1
1283,文化機車立體停車場,32,19,20210224160340,25.172485,121.438806,13,1
1284,成德公園,36,6,20210224160323,25.105052,121.452963,30,1
1285,頭湖國小,38,0,20210224160332,25.081673,121.372687,38,1
1286,金城立德路口,38,8,20210224160321,24.986691,121.465481,30,1
1287,恩主公醫院,66,28,20210224160341,24.938912,121.363553,38,1
1288,中和區公所,32,0,20210224160328,24.998558,121.500533,32,1
1289,忠山市民活動中心,36,3,20210224160318,25.078202,121.624493,33,1
1290,三重永豐公園,32,11,20210224160338,25.074629,121.478162,18,1
1291,臺灣藝術大學,66,59,20210224160330,25.007502,121.448,7,1
1292,新莊體育館,40,15,20210224160322,25.040766,121.452459,25,1
1293,永和耕莘醫院,32,0,20210224160330,25.011232,121.517701,31,1
1294,三多國小,34,5,20210224160326,25.016405,121.407135,29,1
1295,永安兒童公園,48,32,20210224160339,25.082273,121.482236,16,1
1296,新北市立中和高級中學,36,14,20210224160336,24.9937,121.47823,21,1
1297,扶輪公園,40,15,20210224160321,25.072864,121.36948,25,1
1298,安邦公園,34,2,20210224160325,24.996867,121.496647,32,1
1299,立德公園,34,12,20210224160338,25.076441,121.367223,22,1
1300,新北市政府(新站路),60,39,20210224160323,25.012614,121.466455,20,1
1301,清水高中,40,14,20210224160325,24.982756,121.465444,26,1
1302,板橋車站,98,74,20210224160336,25.015519,121.463735,24,1
1303,樹林國民運動中心,34,15,20210224160342,25.004186,121.422847,18,1
1304,捷運輔大站(4號出口),42,14,20210224160328,25.033025,121.436484,28,1
1305,民安東民全街口,36,0,20210224160321,25.020774,121.429556,36,1
1306,中興北街175巷口,32,19,20210224160326,25.05597,121.471327,12,1
1307,仁愛路151巷口,44,4,20210224160335,25.064819,121.663885,40,1
1308,五股工商立體停車場,40,23,20210224160316,25.082494,121.439555,17,1
1309,沛陂社區公園,34,0,20210224160333,24.963289,121.419672,34,1
1310,佳和公園,34,6,20210224160344,25.006927,121.503171,28,1
1311,溪頭公園,40,8,20210224160330,25.033086,121.468403,31,1
1312,龍鳳公園,40,12,20210224160325,25.021447,121.416497,28,1
1313,伊吉邦社區,46,19,20210224160316,25.030186,121.413402,27,1
1314,三多第1市民活動中心,34,14,20210224160335,25.016361,121.404257,20,1
1315,新北高工,44,39,20210224160345,24.98277,121.4499,5,1
1316,瑞芳火車站,38,18,20210224160332,25.108506,121.80646,20,1
1317,長風社區,36,1,20210224160333,24.978108,121.439369,35,1
1318,永和國民運動中心,40,1,20210224160335,25.003555,121.524246,39,1
1319,民樂人行廣場,36,7,20210224160243,25.001834,121.482594,29,1
1320,民生親子公園,30,3,20210224160334,24.992983,121.428196,27,1
1321,樹林工業區,38,6,20210224160342,25.000868,121.416091,32,1
1322,龍埔公園,36,5,20210224160323,24.938911,121.373676,31,1
1323,尖山國中,32,0,20210224160322,24.9443,121.342089,32,1
1324,新北市立圖書館新店分館,36,3,20210224160341,24.982138,121.540903,33,1
1325,浮洲火車站,48,23,20210224160339,25.004098,121.444447,25,1
1326,捷運海山站(1號出口),80,55,20210224160339,24.984695,121.448504,25,1
1327,深坑區公所(深坑老街),50,5,20210224160328,25.0015,121.616311,45,1
1328,東南科技大學,34,8,20210224160326,25.0033,121.602501,26,1
1329,德光國光街口,34,2,20210224160317,25.003136,121.468087,32,1
1330,猴硐火車站,48,3,20210224160332,25.08647,121.82719,44,1
1331,永和國父紀念館,30,15,20210224160331,25.00839,121.520234,14,1
1332,台北得意GO,30,15,20210224160326,25.074424,121.467852,15,1
1333,大觀國中,40,0,20210224160320,25.01121,121.447237,40,1
1334,太陽公園,32,2,20210224160337,25.086448,121.485599,30,1
1335,三重五常公園,28,3,20210224160334,25.080648,121.496149,25,1
1336,三德公園,36,9,20210224160341,25.074974,121.500542,27,1
1337,力行大勇街口,30,7,20210224160332,25.071928,121.481508,23,1
1338,蘆洲延平派出所,36,2,20210224160325,25.08162,121.46162,34,1
1339,永安南路九芎街71巷口,36,8,20210224160330,25.077564,121.466071,28,1
1340,福和宮,50,24,20210224160343,25.00111,121.501991,26,1
1341,飛駝社區(興南路),42,7,20210224160338,24.983471,121.504826,35,1
1342,保平路214巷,30,15,20210224160220,25.00701,121.509208,15,1
1343,汐科火車站(南),64,14,20210224160337,25.062884,121.646597,50,1
1344,樹林國小,34,6,20210224160329,24.989136,121.41791,28,1
1345,永吉國小,36,14,20210224160321,24.958747,121.333095,21,1
1346,中園國小,36,7,20210224160339,24.927551,121.366919,25,1
1347,介壽國小,30,8,20210224160330,24.930341,121.378835,22,1
1348,安溪國中,32,0,20210224160335,24.92679,121.371957,29,1
1349,龍埔國小,38,12,20210224160338,24.941224,121.376763,25,1
1350,大安路與中山路二段口,34,0,20210224160342,24.983043,121.411318,31,1
1351,樹林區公所,40,6,20210224160336,24.98976,121.42478,34,1
1352,蘆洲重陽大樓,30,5,20210224160338,25.085055,121.481887,25,1
1353,埔墘國小,34,3,20210224160323,25.019078,121.473724,31,1
1354,圓通錦和路口,46,3,20210224160318,24.989236,121.491482,43,1
1355,下庄市場,30,11,20210224160317,25.146498,121.399748,19,1
1356,亞洲員安路口,34,14,20210224160326,24.972621,121.434796,19,1
1357,大安路307巷口,32,5,20210224160338,24.992158,121.417726,27,1
1358,漁人碼頭,50,22,20210224160341,25.183869,121.411178,28,1
1359,味王街,30,17,20210224160337,24.974674,121.404424,13,1
1360,福基公園,32,2,20210224160336,25.0581,121.460892,30,1
1361,振義里公園,30,2,20210224160323,25.023888,121.483965,28,1
1362,安溪國小,36,4,20210224160343,24.930621,121.372344,32,1
1363,中和安和路口,34,6,20210224160318,24.999667,121.506022,28,1
1364,元氣大鎮社區,28,5,20210224160341,25.005718,121.478997,23,1
1365,員勝公園,40,25,20210224160344,25.010284,121.478686,15,1
1366,永和自由街,32,1,20210224160337,25.0052,121.513339,31,1
1367,安樂宜安路口,36,3,20210224160334,24.995273,121.513506,33,1
1368,昌隆國小,36,13,20210224160337,25.052129,121.454891,23,1
1369,捷運新莊副都心站,46,34,20210224160344,25.059145,121.446614,12,1
1370,捷運泰山站,34,24,20210224160322,25.053127,121.439683,9,1
1371,八里中庄市場綜合大樓,36,4,20210224160320,25.159934,121.414074,32,1
1372,江翠國中,30,20,20210224160334,25.027987,121.468512,10,1
1373,捷運新北產業園區站,44,16,20210224160331,25.062029,121.459184,25,1
1374,捷運泰山貴和站,36,16,20210224160336,25.033192,121.422215,20,1
1375,龍形停車場,40,7,20210224160317,25.13041,121.451302,33,1
1376,捷運紅樹林站,58,10,20210224160331,25.153578,121.459124,44,1
1377,大庄一號公園,28,2,20210224160332,25.181957,121.422185,26,1
1378,三井Outlet,50,26,20210224160327,25.071574,121.366303,22,1
1379,貿商國宅,40,5,20210224160345,25.069463,121.43031,35,1
1380,中正北路193巷(愛買三重店),42,15,20210224160331,25.071362,121.475985,26,1
1381,翔譽雙子星,36,0,20210224160326,25.053638,121.492924,36,1
1382,明志科技大學,50,8,20210224160322,25.040434,121.422548,42,1
1383,三民高中(民權路),36,2,20210224160333,25.088024,121.473928,34,1
1384,環河福德南路口,32,6,20210224160339,25.060285,121.502173,26,1
1385,文林國小(潭興街),34,5,20210224160332,24.998601,121.424892,29,1
1386,林口老街,42,12,20210224160317,25.077153,121.393777,30,1
1387,板橋果菜批發市場,40,14,20210224160323,25.021153,121.45002,26,1
1388,安和公園,54,0,20210224160323,24.97411,121.518853,54,1
1389,東陽市民活動中心,32,1,20210224160325,24.982192,121.412517,31,1
1390,遠雄左岸,40,21,20210224160357,25.00985,121.487799,19,1
1391,瓦磘溝(福真里),32,17,20210224160333,25.004294,121.494692,15,1
1392,中正路161巷口,46,7,20210224160341,24.992938,121.499333,39,1
1394,瑞峰橋,44,4,20210224160330,25.10712,121.81041,39,1
1395,民族二街明峰街口,30,4,20210224160345,25.071049,121.635015,26,1
1401,光復國小,38,19,20210224160327,25.015064,121.48193,19,1
1402,世貿國家公園社區,30,6,20210224160338,25.072887,121.658646,23,1
1403,新店新和國小,40,5,20210224160338,24.984975,121.517682,30,1
1404,立德青雲路口,62,12,20210224160317,24.988355,121.460675,50,1
1405,新北市林口行政園區,42,20,20210224160322,25.070158,121.363632,21,1
1406,工建樟樹一路口,36,13,20210224160346,25.063062,121.641033,23,1
1407,中和青年社會住宅,32,7,20210224160316,24.991135,121.519329,25,1
1408,蘆洲李宅古蹟,30,5,20210224160333,25.084959,121.466551,25,1
1409,捷運府中站(2號出口),38,12,20210224160343,25.009537,121.460148,23,1
1410,新莊勞工中心,26,5,20210224160339,25.020332,121.433736,21,1
1411,名利橋,32,9,20210224160339,25.00785,121.500986,22,1
1412,捷運大坪林站(1號出口),26,0,20210224160322,24.982755,121.541249,26,1
1413,福和國中停車場,48,9,20210224160331,25.005011,121.522665,38,1
1414,捷運中原站,74,39,20210224160330,25.007307,121.485051,35,1
1415,福美公園,40,3,20210224160316,25.055033,121.461081,36,1
1416,輔仁大學附設醫院,40,22,20210224160326,25.039272,121.431004,18,1
1417,民視數位媒體總部,40,5,20210224160342,25.079876,121.379259,35,1
1418,五股郵局,32,23,20210224160337,25.101774,121.451127,9,1
1419,新市一路一段99巷口,46,25,20210224160323,25.187429,121.431016,21,1
1420,國泰街111巷口,34,3,20210224160329,25.006321,121.465773,31,1
1421,湳雅觀光夜市(津渡橋),40,16,20210224160336,25.007585,121.45244,24,1
1422,學成公園,34,3,20210224160316,24.988246,121.451187,31,1
1423,鳳祥公園,30,9,20210224160326,24.962819,121.330254,20,1
1424,光明市場,34,0,20201102145127,25.057335,121.491809,0,0
1425,中興路二段100巷口,30,5,20210224160339,24.971355,121.547496,25,1
1426,福和橋,36,3,20210224160336,25.004536,121.52785,32,1
1427,土城國中,32,4,20210224160327,24.962443,121.430347,27,1
1428,安光公園,34,23,20210224160341,24.964233,121.514462,9,1
1429,崇德國小,58,1,20210224160336,25.069378,121.669788,57,1
1430,中華中央路一段242巷口,38,3,20210224160334,24.98551,121.44345,35,1
1431,公五公園,44,2,20210224160317,25.08658,121.44452,42,1
1432,碧潭西岸,40,10,20210224160339,24.956562,121.534795,30,1
1433,樹林大安站,56,33,20210224160328,24.997312,121.421725,20,1
1434,廣停二停車場,36,1,20210224160317,25.075711,121.370261,35,1
1435,民義公園,40,21,20210224160328,25.08835,121.4345,19,1
1436,大崙公園,32,3,20210224160332,25.076613,121.359704,28,1
1437,成州國小,28,9,20210224160336,25.09923,121.45063,19,1
1438,中興北街42巷17弄,34,29,20210224160336,25.05006,121.46892,5,1
1439,江翠國小,34,2,20210224160318,25.03248,121.47442,32,1
1440,華江一華江九路口,40,18,20210224160342,25.032884,121.466442,22,1
1441,三光國小(金滿意),36,2,20210224160333,25.05596,121.496874,34,1
1442,蘆洲中路公園,34,10,20210224160332,25.082299,121.468143,20,1
1443,林口高中,38,19,20210224160334,25.07384,121.3803,19,1
1444,雙和橋,34,7,20210224160324,25.005731,121.505743,26,1
1445,海山高中,52,0,20210224160344,25.009108,121.471493,52,1
1446,環河西路一段95巷口,32,1,20210224160340,25.01783,121.511957,31,1
1447,碧河宮,40,27,20210224160334,24.996726,121.493134,13,1
1448,萬板文聖街口,46,7,20210224160343,25.026295,121.479675,39,1
1449,明德高中,58,28,20210224160320,24.907449,121.364848,29,1
1450,鳳鳴國小,32,14,20210224160322,24.969198,121.334806,15,1
1451,林本源園邸,42,5,20210224160336,25.01086,121.45598,36,1
1452,藍天大樓,36,32,20210224160329,25.053098,121.470165,3,1
1453,忠孝國中,46,0,20210224160337,25.00481,121.461195,46,1
1454,大智公園,30,6,20210224160339,25.063608,121.494449,24,1
1455,國際二國際一路口,38,5,20210224160327,24.976171,121.334938,33,1
1456,三重高中,34,11,20210224160344,25.054777,121.49171,23,1
1457,昌平公園,40,10,20210224160319,25.058664,121.458109,30,1
1458,新北市客家文化園區,38,8,20210224160316,24.941729,121.359538,29,1
1459,台北海洋科技大學,38,10,20210224160328,25.191229,121.427011,28,1
1460,蘭庭序大廈,30,6,20210224160342,25.07207,121.65207,24,1
1461,福和路7巷口,30,4,20210224160328,25.00854,121.524732,25,1
1462,捷運新店區公所站(1號出口),42,17,20210224160323,24.967369,121.541011,24,1
1463,新泰游泳池,26,14,20210224160328,25.045414,121.442734,12,1
1464,森林公園,36,11,20210224160342,24.948177,121.37976,25,1
1465,馥華公園,34,14,20210224160319,25.006117,121.445449,20,1
1466,光復高中,42,31,20210224160319,25.017443,121.482513,11,1
1467,南雅育智路口,46,8,20210224160335,24.953961,121.345824,38,1
1468,穀保家商,38,27,20210224160327,25.068097,121.471028,10,1
1469,文德國小(公館街),38,2,20210224160344,25.021336,121.459595,36,1
1470,學成大成路口,42,3,20210224160335,24.946248,121.382719,39,1
1471,石雕公園,32,24,20210224160327,25.030261,121.469469,8,1
1472,民生縣民大道口,40,21,20210224160343,25.018213,121.471011,19,1
1473,新北市藝文中心(文化路二段124巷),36,3,20210224160322,25.025626,121.471401,33,1
1474,四維公園地下停車場,74,10,20210224160330,25.025618,121.463967,64,1
1475,廣福派出所,34,4,20210224160341,24.988019,121.456247,30,1
1476,新和活動中心,38,3,20210224160321,24.986771,121.521829,35,1
1477,大眾廟,30,12,20210224160318,25.03738,121.45766,18,1
1478,化成公園,32,6,20210224160330,25.04786,121.461962,26,1
1479,龍恩公園,36,17,20210224160331,24.941359,121.370524,19,1
1480,新北市工商展覽中心,46,28,20210224160340,25.064345,121.447585,18,1
1481,金城裕民路口(中正國中),44,0,20210224160336,24.982933,121.456229,44,1
1482,圓通路335巷33弄,32,6,20210224160316,24.988992,121.493033,25,1
1483,海洋公園,36,21,20210224160315,24.94749,121.376895,13,1
1484,浮洲合宜住宅(合宜一路),58,10,20210224160321,24.99652,121.44276,48,1
1485,文山國中,30,11,20210224160334,24.95531,121.53927,19,1
1486,臺北大學(資訊中心),56,49,20210224160328,24.94317,121.36952,7,1
1487,捷運府中站(1號出口),76,33,20210224160343,25.00818,121.45901,43,1
1488,新莊田徑場,42,11,20210224160232,25.04357,121.45244,31,1
1489,新泰國中,30,0,20210224160345,25.04288,121.44426,30,1
1490,碧潭渡船頭,32,9,20210224160337,24.9531,121.53746,23,1
1491,山佳火車站,32,12,20210224160325,24.97222,121.39264,20,1
1492,新北市勞工活動中心,34,29,20210224160337,25.06149,121.45098,5,1
1493,板橋重慶公園,40,9,20210224160318,25.00008,121.46316,31,1
1494,林口社區運動公園(公園路),40,22,20210224160322,25.07464,121.3744,18,1
1495,山北公園,32,5,20210224160345,25.00653,121.50014,27,1
1496,捷運景平站,38,10,20210224160345,24.99202,121.51563,28,1
1497,中港大排願景館,30,7,20210224160338,25.05894,121.45117,23,1
1498,頭前國小,30,3,20210224160339,25.05248,121.46527,27,1
1499,輕軌淡金北新站,46,15,20210224160329,25.18018,121.45333,31,1
1500,忠孝活動中心,28,1,20210224160319,25.01677,121.51528,27,1
1501,淡水海關碼頭園區,40,26,20210224160342,25.17476,121.43155,13,1
1502,縣民漢生東路口,14,7,20210224160341,25.0156,121.46709,7,1
1503,時光公園,40,6,20210224160341,25.03615,121.47973,34,1
1504,積穗國中,32,4,20210224160316,24.99977,121.47808,28,1
1505,員和公園,68,15,20210224160336,24.97904,121.44254,53,1
1506,環河公園,36,6,20210224160317,25.01666,121.45064,29,1
1507,中興中正路口,30,1,20210224160338,24.96991,121.54617,29,1
1508,新莊國民運動中心,40,6,20210224160334,25.03961,121.44962,34,1
1509,佳和公園(中山路二段64巷),36,0,20201109153016,25.00469,121.50296,0,1
1510,三鶯國民運動中心,32,11,20210224160335,24.93614,121.36941,21,1
1511,彩虹兒童公園,36,8,20210224160340,25.08871,121.4646,28,1
1512,崇林國中,34,8,20210224160338,25.06754,121.37134,26,1
1513,碧華公園(集勇街),30,4,20210224160326,25.08415,121.48554,26,1
1514,延吉街47巷口,28,0,20201102150933,24.98769,121.47222,0,1
1515,大觀路二段19巷,30,4,20210224160320,25.00256,121.45079,26,1
1516,成泰路一段(中油),26,7,20210224160317,25.07843,121.43565,19,1
1517,清和里(青雲路),32,0,20210224160339,24.97512,121.45874,32,1
1601,輕軌濱海沙崙站,30,19,20210224160341,25.18995,121.4306,11,1
1602,輕軌淡海新市鎮站,30,15,20210224160328,25.19623,121.43286,15,1
1603,輕軌崁頂站,30,9,20210224160338,25.20125,121.43502,21,1
1604,輕軌淡江大學站,40,4,20210224160318,25.17653,121.45613,36,1
1605,輕軌新市一路站,34,18,20210224160322,25.18345,121.44837,16,1
1607,四川忠孝路口,34,1,20210224160318,25.00149,121.45924,33,1
1608,陸光國宅,30,12,20210224160343,25.08881,121.43079,18,1
1609,仁化文新路口,36,3,20210224160329,25.03463,121.47919,33,1
1610,中山新興街口,40,12,20210224160339,24.97499,121.40023,28,1
1611,信義公園市民活動中心,34,7,20210224160344,24.9917,121.4575,27,1
1612,文中小停車場,40,3,20210224160340,25.05899,121.48255,37,1
1613,安康高中,70,0,20210224160336,24.96886,121.51505,69,1
1614,中正路284巷,28,2,20210224160402,24.9747,121.53842,26,1
1615,御史路1巷,30,3,20210224160334,25.09044,121.44192,27,1
1616,新市二路二段,30,2,20210224160340,25.19524,121.42793,28,1
1617,光明街,28,9,20210224160333,24.96316,121.54009,19,1
1618,環河西路三段(日安社區),32,8,20210224160339,25.00774,121.49321,23,1
1619,民生中山路口,30,0,20210224160344,25.01606,121.47346,27,1
1620,重慶國小,30,2,20210224160330,24.99373,121.46253,28,1
1621,板橋真武廟,34,6,20210224160324,25.02046,121.48594,27,1
1622,鶯歌國民運動中心,36,2,20210224160330,24.95134,121.35775,34,1
1623,南雅公園,40,19,20210224160319,25.00387,121.45516,19,1
1624,中正民權路口,96,30,20210224160323,24.98263,121.5336,66,1
1625,捷運新埔站(1號出口),60,27,20210224160329,25.0235,121.46745,33,1
1626,中原東街(左岸牡丹園),38,3,20210224160329,25.0129,121.48592,35,1
1627,土城仁愛社區公園,34,2,20210224160326,24.98039,121.46062,31,1
1628,五峰國中,34,8,20210224160321,24.96591,121.54323,26,1
1629,大崁國小,36,8,20210224160343,25.16064,121.41938,28,1
1630,東海高中,40,22,20210224160324,25.06484,121.47942,18,1
1631,中山1號科技總部,42,29,20210224160320,24.96045,121.41212,12,1
1632,中平國中,40,15,20210224160321,25.05426,121.44407,25,1
1633,仁愛街70巷口,32,4,20210224160326,25.09398,121.47126,26,1
1634,中印青潭廠,26,7,20210224160337,24.95446,121.55947,19,1
1635,淡江大學(水源街),62,3,20210224160319,25.17457,121.45236,59,1
1636,健華新城社區,52,36,20210224160337,25.01927,121.4653,16,1
1637,美麗新淡海影城,32,5,20210224160322,25.19783,121.43878,27,1
1638,寶橋路235巷口,36,11,20210224160318,24.97955,121.55234,25,1
1639,安康立體停車場,40,6,20210224160323,24.96261,121.51267,34,1
1640,全球傳動科技公司,38,25,20210224160345,25.00801,121.41481,13,1
1641,興南路二段34巷口,32,0,20210224160326,24.98539,121.50701,31,1
1642,復興民生街口,38,4,20210224160317,24.93701,121.37324,34,1
1643,環河西大漢街口,40,1,20210224160330,25.03183,121.4612,39,1
1644,十三行博物館,46,19,20210224160317,25.15697,121.40588,27,1
1645,莒光國小,30,6,20210224160331,25.02565,121.47465,23,1
1646,林口郵局,38,4,20210224160316,25.06667,121.36453,34,1
1647,竹林山觀音寺,34,15,20210224160337,25.08452,121.38983,19,1
1648,青潭河濱公園,30,3,20210224160327,24.95091,121.5474,26,1
1649,捷運中和站,36,15,20210224160320,25.00221,121.49587,21,1
1650,公23公園,30,13,20210224160337,25.19985,121.42891,17,1
1651,捷運秀朗橋站,42,10,20210224160334,24.99039,121.52549,31,1
1652,板橋中山公園,30,16,20210224160335,25.02336,121.47109,14,1
1653,民有公園,40,3,20210224160323,25.00868,121.47475,37,1
1654,仁愛街112巷,40,7,20210224160335,25.07486,121.49488,33,1
1655,華新街109巷11弄,50,2,20210224160328,24.97996,121.50873,48,1
1656,康寧街307巷,40,8,20210224160330,25.06809,121.62697,32,1
1657,中興橋(環河南路254巷口),40,12,20210224160316,25.05052,121.49138,28,1
1658,新林國小,40,19,20210224160344,25.07016,121.35995,21,1
1659,滬尾藝文休閒園區,26,19,20210224160330,25.17594,121.42851,7,1
1660,康福公園,28,2,20210224160328,25.06894,121.63748,26,1
1661,新市二路四段,28,4,20210224160335,25.19254,121.44185,24,1
1662,義山新市一路口,30,13,20210224160316,25.18623,121.43736,17,1
1663,中信國小,40,1,20210224160316,25.05572,121.44957,38,1
1664,捷運板新站,82,6,20210224160328,25.01409,121.47124,76,1
1665,三抱竹,34,4,20210224160325,24.99864,121.44139,30,1
1667,慈愛公園,30,12,20210224160342,25.08119,121.48461,18,1
1668,汐止火車站停車場,100,35,20210224160327,25.06795,121.66168,64,1
1669,頂埔市場,34,7,20210224160330,24.95819,121.41508,26,1
1670,樹林藝文綜合行政大樓,60,30,20210224160324,24.99546,121.4291,30,1
1671,光華橋(保平路),36,8,20210224160340,25.00452,121.5079,28,1
1672,台北花園廣場社區,30,1,20210224160319,25.06414,121.426,29,1
1673,民權社區活動中心,34,3,20210224160316,24.99778,121.51968,31,1
1674,捷運新埔站(5號出口),56,32,20210224160322,25.02402,121.46828,24,1
1675,捷運橋和站,70,20,20210224160317,25.00559,121.48921,50,1
1676,國中二甲路口,30,10,20210224160328,24.9395,121.33867,20,1
1677,陽光Park社區,32,2,20210224160336,24.9794,121.51555,30,1
1678,捷運十四張站,80,9,20210224160401,24.9845,121.52793,71,1
1679,芳洲八路,30,15,20210224160317,25.0888,121.44637,13,1
1680,後竹圍市民活動中心,32,1,20210224160328,25.07246,121.48576,31,1
1681,林口國民運動中心,40,20,20210224160320,25.08601,121.38093,20,1
1682,中央路一段292巷口,48,9,20210224160331,24.98265,121.44368,39,1
1683,深坑松柏街,34,10,20210224160320,25.01096,121.63852,24,1
1684,金美國小,36,10,20210224160320,25.21973,121.63633,25,1
1685,金山八德街,38,15,20210224160325,25.22365,121.63469,22,1
1687,寶橋路78巷口,44,16,20210224160327,24.97368,121.5476,26,1
1688,鳳福公園,40,8,20210224160327,24.97572,121.32938,32,1
1689,林口新創園,32,10,20210224160341,25.07583,121.37609,22,1
1690,漳和國中,50,20,20210224160317,25.00241,121.505,30,1
1691,遠東動力企業總部,36,23,20210224160322,25.03113,121.42999,13,1
1692,清水社區公園,54,5,20210224160320,24.984,121.46289,49,1
1693,國立師範大學林口校區(測試站),16,7,20210224160321,25.06804,121.39795,9,1
1694,斬龍山遺址文化公園,50,26,20210224160327,24.97657,121.44775,24,1
1695,長安橋(吉祥街12巷),54,7,20210224160343,25.08033,121.66846,46,1
1696,三重商工(後竹圍街),36,7,20210224160345,25.07031,121.47976,29,1
1698,浮洲合宜住宅(合宜合安一路口),50,22,20210224160323,24.99849,121.44863,28,1
1699,中正福海街口,44,5,20210224160340,25.03459,121.44489,38,1
1700,德光莒光路口,38,2,20210224160333,25.00459,121.47134,35,1
1701,捷運幸福站,54,29,20210224160322,25.04958,121.46052,25,1
1702,成泰路4段22巷,32,14,20210224160325,25.10826,121.45596,17,1
1703,新店高中(中央路),42,8,20210224160315,24.97508,121.53103,34,1
1704,藝文二永翠路口(青峰社區),40,13,20210224160341,25.02142,121.45221,27,1
1705,新店行政園區,100,27,20210224160334,24.96757,121.54205,73,1
1706,中角灣,28,12,20210224160330,25.239,121.63234,15,1
1707,俊興三龍街口,30,11,20210224160323,25.01704,121.41821,19,1
1708,綠湖公園,44,13,20210224160337,24.97756,121.54751,31,1
1709,捷運景安站,82,49,20210224160329,24.99352,121.50472,33,1
1710,林口婦幼公園,28,8,20210224160319,25.07231,121.37752,20,1
1712,湖南市民活動中心,30,4,20210224160344,25.08423,121.37428,26,1
1713,埤墘公園,30,4,20210224160335,25.02332,121.47422,26,1
1714,德泰公園,28,5,20210224160341,25.06802,121.43473,22,1
1715,華江一華江六路口(仰真社區),38,13,20210224160324,25.03402,121.47025,22,1
1716,華江一華江五路口(雙江翠社區),40,18,20210224160338,25.03456,121.47252,21,1
1717,捷運新埔民生站,32,14,20210224160335,25.025979,121.466567,18,1
1718,野柳地質公園,50,3,20210224160333,25.204771,121.690132,45,1
1719,白沙灣,50,9,20210224160336,25.285491,121.522085,41,1
1720,文化路二段182巷1弄,40,25,20210224160339,25.029258,121.472405,13,1
1721,淺水灣,50,26,20210224160338,25.252317,121.471307,24,1
1722,安居公教住宅,30,17,20210224160341,24.959504,121.512927,13,1
1723,林建生紀念圖書館,34,7,20210224160323,25.088434,121.469879,25,1
1724,永翠藝文街口(大禾社區),38,11,20210224160325,25.01801,121.45029,24,1
1725,三峽國中,50,2,20210224160332,24.938882,121.369399,48,1
1726,宏匯廣場,40,19,20210224160321,25.059319,121.449083,20,1
1727,八里行政中心,36,6,20210224160334,25.153974,121.407211,30,1
1728,疏洪東竹圍仔街口,18,7,20210224160339,25.048614,121.486398,9,1
1729,民生路156巷,26,0,20210224160337,24.982019,121.527509,26,1
1730,深澳漁港,30,13,20210224160340,25.129973,121.818566,17,1
1731,新北大道昌平街口(臨時站),16,9,20210224160315,25.060353,121.454735,7,1
1732,新泰路255巷口,36,15,20210224160340,25.039314,121.442696,20,1
1734,中華城林路口,44,31,20210224160332,24.974993,121.438631,12,1
1736,中山八德街口,32,8,20210224160337,24.985156,121.417765,24,1
1738,輕軌漁人碼頭站,50,17,20210224160331,25.18202,121.41882,33,1
1739,凌雲路一段158巷口,30,5,20210224160339,25.10352,121.4481,25,1
1741,央北青年社會住宅,58,1,20210224160344,24.98263,121.52643,56,1
1742,瓊林公園,30,6,20210224160318,25.02629,121.44245,24,1
1745,永翠藝文街口(柏克萊公園社區),40,4,20210224160323,25.01811,121.45066,36,1
1747,輕軌沙崙站,30,20,20210224160331,25.18737,121.41675,8,1
1748,深坑雲鄉路,16,5,20210224160320,24.99988,121.62101,11,1
1749,三峽國光青年社會住宅,52,11,20210224160327,24.93743,121.37686,40,1
1753,四維國凱街口(立天下社區),40,0,20210224160320,24.97932,121.42241,0,0
1757,中山環金路口,34,1,20210224160321,25.21794,121.6414,32,1
1760,龍米停車場,36,4,20210224160343,25.15678,121.43604,32,1
1761,雙和醫院,30,12,20210224160316,24.99367,121.49411,18,1
1763,捷運三重站(1號出口),40,5,20210224160333,25.05464,121.48322,35,1
0001,捷運市政府站(3號出口),180,29,20210224161044,25.0408578889,121.567904444,147,1
0002,捷運國父紀念館站(2號出口),48,2,20210224161043,25.041254,121.55742,46,1
0003,台北市政府,40,8,20210224161038,25.0377972222,121.565169444,32,1
0004,市民廣場,60,23,20210224161022,25.0360361111,121.562325,37,1
0005,興雅國中,60,44,20210224161023,25.0365638889,121.5686639,15,1
0006,臺北南山廣場,80,34,20210224161025,25.034047,121.565973,46,1
0007,信義廣場(台北101),80,1,20210224161026,25.0330388889,121.565619444,79,1
0008,世貿三館,60,13,20210224161018,25.0352138889,121.563688889,47,1
0009,松德站,40,14,20210224161039,25.031785, 121.57448,26,1
0010,台北市災害應變中心,54,1,20210224161044,25.0286611111,121.566116667,53,1
0011,三張犁,50,15,20210224161037,25.034937,121.55762,35,1
0012,臺北醫學大學,48,17,20210224161043,25.026679,121.561747,30,1
0013,福德公園,58,4,20210224161026,25.03809,121.58367,53,1
0014,榮星花園,32,2,20210224161031,25.06424,121.54037,29,1
0016,松山家商,48,4,20210224161030,25.036084,121.579135,44,1
0017,民生光復路口,34,29,20210224161041,25.05862,121.55514,5,1
0018,臺北市藝文推廣處,40,0,20210224161020,25.049408,121.55261,40,1
0019,象山公園,30,18,20210224161027,25.02863,121.56981,12,1
0020,捷運科技大樓站,58,5,20210224161025,25.025896,121.543293,53,1
0021,民生敦化路口,66,13,20210224161042,25.057985,121.548982,52,1
0022,松山車站,44,0,20210224161037,25.048824,121.57845,44,1
0023,東新國小,32,1,20210224161031,25.055074,121.602798,31,1
0024,信義建國路口,46,19,20210224161039,25.03293,121.53747,27,1
0025,永吉松信路口,30,5,20210224161019,25.04543,121.57205,25,1
0026,捷運昆陽站(1號出口),72,58,20210224161021,25.050142,121.592375,14,1
0027,捷運南港展覽館站(5號出口),38,4,20210224161026,25.05469,121.61669,34,1
0028,五常公園,32,3,20210224161024,25.04814,121.57467,29,1
0029,金山愛國路口,54,39,20210224161037,25.03164,121.52655,15,1
0030,基隆長興路口,74,41,20210224161020,25.017054,121.544352,32,1
0031,辛亥新生路口,30,10,20210224161023,25.022413,121.53456,19,1
0032,捷運六張犁站,38,1,20210224161042,25.023884,121.553161,37,1
0033,中崙高中,46,23,20210224161042,25.04878,121.56087,23,1
0034,捷運行天宮站(1號出口),32,3,20210224161031,25.058369,121.532934,29,1
0035,捷運行天宮站(3號出口),30,0,20210224161038,25.059978,121.533302,30,1
0036,臺大資訊大樓,72,51,20210224161022,25.02101,121.54153,21,1
0037,捷運東門站(4號出口),46,7,20210224161020,25.0337,121.528988,39,1
0038,臺灣師範大學(圖書館),32,1,20210224161043,25.026603,121.529440,30,1
0039,南港世貿公園,26,11,20210224161018,25.058,121.61422,15,1
0040,玉成公園,34,0,20210224161016,25.04287,121.58640,34,1
0041,中研公園,30,2,20210224161018,25.047425,121.613706,28,1
0042,捷運後山埤站(1號出口),38,9,20210224161016,25.04431,121.58174,29,1
0043,凌雲市場,30,2,20210224161042,25.035639,121.614154,28,1
0044,捷運南港軟體園區站(2號出口),36,21,20210224161015,25.05973,121.616187,15,1
0045,捷運公館站(2號出口),30,24,20210224161018,25.01476  ,121.534538 ,6,1
0046,南港國小,58,25,20210224161030,25.056504,121.611389,33,1
0047,捷運忠孝新生站(4號出口),32,18,20210224161028,25.042275,121.533939,14,1
0048,南港車站(忠孝東路),38,7,20210224161040,25.05247,121.608202,31,1
0049,龍門廣場,52,20,20210224161027,25.040901,121.548252  ,32,1
0050,民權運動公園,52,16,20210224161021,25.062002,121.560186,36,1
0051,建國農安街口,44,0,20210224161025,25.065031,121.536775  ,44,1
0052,建國長春路口,30,17,20210224161043,25.054761,121.536925,13,1
0053,八德市場,26,9,20210224161017,25.044781,121.536609,17,1
0054,臺北市立圖書館(總館),30,11,20210224161044,25.028798,121.538073,19,1
0055,臺北田徑場,46,25,20210224161034,25.049505,121.549408,21,1
0056,仁愛林森路口,42,6,20210224161026,25.038954,121.522334,36,1
0057,新生和平路口,46,10,20210224161027,25.026217,121.53519,34,1
0058,捷運善導寺站(1號出口),36,22,20210224161019,25.045267,121.522200 ,14,1
0059,林森公園,32,9,20210224161016,25.052227,121.525805,23,1
0060,中山行政中心,30,6,20210224161044,25.064317,121.533487 ,23,1
0061,台灣科技大學,86,9,20210224161016,25.0131,121.539723 ,77,1
0062,南昌公園,34,2,20210224161021,25.026827,121.520258,32,1
0063,仁愛醫院,36,24,20210224161043,25.037569,121.545632,12,1
0064,國家圖書館,50,33,20210224161043,25.037773,121.517029,17,1
0065,青年公園3號出口,38,6,20210224161025,25.022725,121.502708 ,32,1
0066,師範大學公館校區,42,6,20210224161027,25.007528,121.537188 ,35,1
0067,捷運臺大醫院(4號出口),48,3,20210224161025,25.042973,121.516428,45,1
0068,國興青年路口,36,11,20210224161030,25.025865,121.506536,25,1
0069,興豐公園,34,1,20210224161027,24.999837,121.547778,26,1
0070,捷運台北101/世貿站,52,0,20210224161027,25.032752,121.561645,52,1
0071,捷運信義安和站(4號出口),30,0,20210224161037,25.032985,121.554204,28,1
0072,新生長安路口,42,8,20210224161015,25.048611,121.529346,34,1
0073,酒泉延平路口,32,12,20210224161025,25.072228,121.510195,18,1
0074,信義連雲街口,40,8,20210224161033,25.033817,121.530547,32,1
0075,基隆光復路口,30,2,20210224161037,25.0300508,121.557635,27,1
0076,新生長春路口,36,13,20210224161045,25.056387,121.527522,23,1
0077,民生活動中心,32,11,20210224161028,25.059147,121.56297,21,1
0078,捷運圓山站(2號出口),52,7,20210224161043,25.071824,121.519287,45,1
0079,捷運民權西路站(3號出口),50,37,20210224161036,25.061285,121.520205,13,1
0080,華江高中,44,0,20210224161020,25.02751,121.495869,44,1
0081,捷運台電大樓站(2號出口),40,11,20210224161024,25.020547,121.528552,29,1
0082,捷運西門站(3號出口),60,20,20210224161030,25.041778,121.508693 ,40,1
0083,捷運大安森林公園站,74,66,20210224161026,25.033344,121.534236,8,1
0084,復華花園新城,38,7,20210224161043,25.029705,121.502899,31,1
0085,信義敦化路口,46,6,20210224161040,25.033362,121.54911,40,1
0086,民權復興路口,36,8,20210224161024,25.062344,121.545138,27,1
0087,捷運大安站,48,23,20210224161036,25.033078,121.543057,25,1
0088,捷運象山站,62,22,20210224161022,25.032922, 121.57087,40,1
0089,和平重慶路口,44,1,20210224160945,25.027323,121.516385,43,1
0090,老松國小,44,14,20210224161026,25.037783,121.501708,30,1
0091,市立美術館,36,19,20210224161023,25.070629,121.523268,17,1
0092,開封西寧路口,42,8,20210224161033,25.046618,121.507169,34,1
0093,吳興公車總站,56,4,20210224160925,25.023877,121.569836,52,1
0094,捷運景美站,52,16,20210224161038,24.993254,121.541059,36,1
0095,東園國小,32,7,20210224161025,25.023393,121.497679,24,1
0096,三民公園,30,3,20210224161018,25.061567,121.566558,27,1
0097,捷運劍潭站(2號出口),52,5,20210224161038,25.082825,121.524721,47,1
0098,羅斯福景隆街口,42,5,20210224161017,24.999378,121.540197,37,1
0099,捷運雙連站(2號出口),42,0,20201029115850,25.057866,121.520711,2,1
0100,金山市民路口,40,17,20210224161041,25.045753,121.530697,23,1
0101,華山文創園區,50,0,20201102145643,25.043668,121.528487,0,0
0102,臺北市客家文化主題公園,32,2,20210224161033,25.02043,121.525322,29,1
0103,萬華車站,60,7,20210224161033,25.033639,121.503028,53,1
0104,台北花木批發市場,38,1,20210224161022,25.004023,121.54074,37,1
0105,峨嵋停車場,42,12,20210224160930,25.044412,121.505409,30,1
0106,西園艋舺路口,44,6,20210224161036,25.032932,121.497674,37,1
0107,捷運小南門站(1號出口),54,20,20210224161023,25.036402,121.509422,33,1
0108,臺北孔廟,32,8,20210224161037,25.073306,121.515843,24,1
0109,林安泰古厝,36,5,20210224161034,25.071606,121.530805,31,1
0110,文湖國小,44,1,20210224161033,25.086376,121.560888,42,1
0111,捷運忠孝復興站(2號出口),54,6,20210224161021,25.040184,121.543497,48,1
0112,捷運新北投站,48,37,20210224161015,25.137456,121.503124,11,1
0113,仁愛逸仙路口,38,5,20210224161016,25.037724,121.561178,33,1
0114,蘭雅公園,30,22,20210224161032,25.109908,121.530386,8,1
0115,臺北轉運站,68,7,20210224161037,25.048222,121.520526,61,1
0116,福林公園,44,14,20210224161023,25.096122,121.530215,30,1
0117,捷運北投站,58,14,20210224161045,25.132581,121.498618,43,1
0118,大業大同街口,36,11,20210224161024,25.136929,121.499152,25,1
0119,捷運劍南路站(2號出口),68,28,20210224161038,25.08418,121.555116,40,1
0120,捷運龍山寺站(1號出口),46,0,20210224161029,25.035479,121.50026,46,1
0121,龍江南京路口,66,10,20210224161041,25.05298,121.540568,55,1
0122,捷運港墘站(2號出口),50,6,20210224161044,25.079666,121.57584,39,1
0123,天母運動公園,44,0,20210224161017,25.116325,121.534136,43,1
0124,振華公園,36,12,20210224161029,25.115863,121.518163,23,1
0125,華西公園,30,8,20210224161035,25.038609,121.498495,21,1
0126,敦化基隆路口,30,23,20210224161043,25.022073,121.548336,7,1
0127,東湖國中,40,31,20210224161031,25.073277,121.619521,9,1
0128,成功國宅,36,1,20210224161016,25.026808,121.546726,35,1
0129,捷運文德站(2號出口),50,2,20210224161027,25.078424,121.58456,48,1
0130,羅斯福寧波東街口,26,1,20210224161025,25.031445,121.519411,24,1
0131,洲子二號公園,52,24,20210224161038,25.079322,121.568688,28,1
0132,羅斯福新生南路口,88,32,20210224161030,25.01603085,121.5331757,55,1
0133,蘭興公園,40,15,20210224161025,25.111839,121.525888,25,1
0134,捷運芝山站(2號出口),64,32,20210224161017,25.10336,121.522629,32,1
0135,捷運石牌站(2號出口),54,13,20210224161031,25.114513,121.515677,41,1
0136,國立臺北護理健康大學,30,3,20210224161016,25.117457,121.51668,27,1
0137,國防大學,46,15,20210224160924,25.137976,121.493066,30,1
0138,捷運永春站(2號出口),30,1,20210224161021,25.040558,121.575372,28,1
0139,永樂市場,38,0,20210224161035,25.054501,121.510549,37,1
0140,捷運大橋頭站(2號出口),46,15,20210224161038,25.063404,121.512909,31,1
0141,文山行政中心,36,0,20210224161044,24.989902,121.569984,36,1
0142,捷運木柵站,52,29,20210224161032,24.997996,121.57444,22,1
0143,捷運動物園站(2號出口),72,12,20210224161026,24.997659,121.578752,59,1
0144,國立政治大學,58,8,20210224161025,24.988363,121.576536,49,1
0145,樹德公園,40,10,20210224161029,25.066688,121.516149,30,1
0146,捷運士林站(2號出口),46,5,20210224161030,25.092546,121.526556,41,1
0147,士林運動中心,32,2,20210224161036,25.089175,121.521814,29,1
0148,捷運明德站,68,11,20210224161022,25.110331,121.518316,49,1
0149,北投運動中心,62,11,20210224161032,25.116665,121.509621,51,1
0150,松德公園,38,10,20210224161038,25.036568,121.57343,27,1
0151,考試院,34,11,20210224161026,24.987507,121.549827,23,1
0152,百齡國小,40,3,20210224161021,25.08521,121.519175,37,1
0153,蔣渭水紀念公園,36,11,20210224161032,25.059885,121.516299,23,1
0154,中正基河路口,38,27,20210224161040,25.093396,121.519867,11,1
0155,瑞光港墘路口,30,16,20210224161029,25.076193,121.57505,14,1
0156,東湖國小,38,4,20210224161045,25.068530,121.61538,30,1
0157,麗山國小,42,8,20210224161028,25.082703,121.571467,34,1
0158,捷運東湖站,48,25,20210224161034,25.067026,121.61355,22,1
0159,捷運西湖站(1號出口),36,7,20210224161023,25.082866,121.566695,27,1
0161,大豐公園,56,7,20210224161041,25.131143,121.503768,49,1
0162,捷運中山國小站(4號出口),70,3,20210224161041,25.062924,121.52772,67,1
0163,捷運麟光站,72,4,20210224161016,25.018097,121.559279,67,1
0164,捷運奇岩站,40,13,20210224161026,25.126286,121.500801,25,1
0165,捷運唭哩岸站(2號出口),62,28,20210224161037,25.120788,121.505693,33,1
0166,臺北市立景美女中,34,8,20210224161058,24.980602,121.556177,26,1
0167,臺北市立天文館,50,40,20210224161033,25.095714,121.518046,10,1
0168,河堤國小,44,2,20210224161021,25.02288,121.522855,41,1
0169,植物園,44,11,20210224161018,25.030015,121.509813,32,1
0170,新東公園,50,6,20210224161026,25.059245,121.568883,44,1
0171,文山運動中心,38,8,20210224161044,24.996842,121.559651,30,1
0172,捷運南京三民站(1號出口),24,1,20210224161017,25.051562,121.562891 ,23,1
0173,捷運松江南京站(7號出口),56,23,20210224161017,25.052181 ,121.533211 ,33,1
0174,捷運小巨蛋站(5號出口),48,9,20210224161028,25.051702 ,121.553057 ,39,1
0175,捷運南京復興站(5號出口),52,23,20210224161018,25.051618 ,121.544847 ,29,1
0176,興安華城,94,6,20210224161040,25.055997 ,121.542318 ,83,1
0177,葫蘆國小,40,4,20210224161020,25.082538 ,121.507495 ,35,1
0178,延平國宅,32,4,20210224161041,25.078908 ,121.510306 ,28,1
0179,南港公園,52,2,20210224161020,25.041355,121.59073,50,1
0180,福華商場,40,6,20210224161025,25.068770,121.592654,32,1
0181,建國和平路口,52,11,20210224161033,25.025850 ,121.537383 ,41,1
0182,捷運古亭站(2號出口),50,6,20210224161027,25.025300 ,121.523537 ,43,1
0183,圓環站,32,5,20210224160923,25.053790,121.514179,27,1
0184,劍潭社區,42,11,20210224161039,25.084759 ,121.537892 ,31,1
0185,瑠公公園,30,0,20201102145556,25.042342 ,121.546050 ,0,0
0186,臺北市立大學,82,10,20210224161025,25.035414 ,121.514218 ,70,1
0187,仁愛延吉街口,34,3,20210224161027,25.037465 ,121.555769 ,30,1
0188,社子國小,56,11,20210224161024,25.090293 ,121.501890 ,45,1
0189,金瑞公園(金龍路),38,4,20210224161040,25.087987,121.58781,34,1
0190,捷運大直站(3號出口),40,6,20210224161020,25.079278 ,121.546683 ,24,1
0191,捷運大湖公園站(2號出口),58,6,20210224161020,25.083873,121.60206,52,1
0192,捷運葫洲站(1號出口),44,34,20210224161024,25.072485 ,121.607955 ,10,1
0193,舊莊區民活動中心,36,12,20210224161015,25.041277 ,121.619350 ,23,1
0194,市民林森路口,50,17,20210224161039,25.047958 ,121.524388 ,33,1
0195,信義杭州路口(中華電信總公司),50,20,20210224161028,25.035851 ,121.523987 ,29,1
0196,新湖國小,20,5,20210224161015,25.068744 ,121.589233 ,15,1
0197,饒河夜市(八德路側),34,4,20210224161023,25.049845,121.571885,30,1
0201,東陽公園,44,3,20210224161036,25.057164,121.597924,41,1
0202,捷運關渡站,60,12,20210224161034,25.124646,121.467336,47,1
0203,古亭國中,40,11,20210224161044,25.024487,121.510570,28,1
0204,臺北市立大學(天母校區),42,22,20210224161036,25.113625,121.537420,20,1
0205,木柵光輝路口,24,5,20210224161026,24.988241,121.555610,19,1
0206,捷運辛亥站,32,18,20210224161021,25.005386,121.55716,14,1
0207,福安國中,30,9,20210224161023,25.103242,121.487477,21,1
0208,龍山國小,46,6,20210224161030,25.035555,121.495342,40,1
0209,捷運復興崗站,42,25,20210224161035,25.137837,121.486071,17,1
0210,樂群二敬業四路口,60,19,20210224161039,25.079766,121.558135,40,1
0211,星雲金湖街口,40,18,20210224161018,25.080915,121.597339,22,1
0212,北安大直街口,50,10,20210224161039,25.084223,121.549452,39,1
0213,蘭雅國小,30,9,20210224161038,25.107782,121.523107,21,1
0214,基河一期國宅,54,2,20210224161018,25.055935,121.578645,52,1
0215,捷運北門站(3號出口),62,28,20210224161018,25.049930,121.510367,34,1
0216,培英公園,50,31,20210224161038,25.082553,121.544601,18,1
0217,臺北花市,40,14,20210224161024,25.062645,121.574267,26,1
0218,松山高中,42,15,20210224161041,25.043299,121.564108,27,1
0219,大理高中,38,12,20210224161028,25.031147,121.490740,24,1
0220,大稻埕公園,36,11,20210224161021,25.059162,121.510512,25,1
0221,泰和公園,40,3,20210224161041,25.019276,121.57107,37,1
0222,撫順公園,30,9,20210224161037,25.064108,121.522065,21,1
0223,清江國小,40,3,20210224161036,25.127400,121.507267,36,1
0224,社正公園,40,1,20210224161033,25.088243,121.510535,39,1
0225,臥龍樂業街口,40,5,20210224161041,25.018600,121.554839,35,1
0226,向陽南港路口,32,20,20210224161028,25.054365,121.594228,10,1
0227,麗山高中,40,13,20210224161043,25.084244,121.576680,27,1
0228,捷運萬芳社區站,32,13,20210224161045,24.998811,121.56789,17,1
0229,市民太原路口,34,0,20201228090116,25.049394,121.514611,0,0
0230,湖光國宅,36,7,20210224161043,25.075366,121.580811,29,1
0231,內政部營建署,40,13,20210224161040,25.047805,121.545022,26,1
0232,中山天母路口,44,33,20210224160923,25.118843,121.529738,9,1
0233,捷運忠義站,50,18,20210224160942,25.131411,121.474155,32,1
0234,永欣綠地,38,15,20210224161033,25.124162,121.526071,23,1
0235,市民東興路口,30,3,20210224161020,25.048460,121.565928,27,1
0236,關渡自然公園,36,1,20210224161041,25.119292,121.469138,35,1
0237,文山第二行政中心,38,1,20210224161023,25.001149,121.551418,36,1
0238,瑞湖陽光街口,32,8,20210224161029,25.073119,121.575965,24,1
0239,新明路262巷口,18,4,20210224161031,25.056641,121.583403,13,1
0240,南京建國路口,58,0,20201102150153,25.052141,121.536802,0,1
0241,林口公園,38,1,20210224161030,25.038943,121.579146,36,1
0242,關渡宮,40,3,20210224161025,25.117472,121.463161,35,1
0243,社子公園,30,3,20210224161039,25.090202,121.506219,27,1
0244,復興市民路口,46,7,20210224161027,25.045908,121.543736,39,1
0245,捷運中山國中站,44,12,20210224161039,25.060632,121.544028,32,1
0246,國立故宮博物院,40,14,20210224161037,25.098743,121.548086,26,1
0247,木柵公園,34,19,20210224161043,24.987144,121.560627,15,1
0248,喬治工商,32,7,20210224161030,25.027123,121.555566,25,1
0249,中華桂林路口,32,10,20210224161045,25.037706,121.506624,21,1
0250,忠孝東路三段217巷口,38,4,20210224161030,25.041840,121.539873,34,1
0251,華齡公園,36,2,20210224161038,25.083023,121.520692,34,1
0252,大安運動中心,34,12,20210224161027,25.020544,121.545608,22,1
0253,芝山抽水站,34,1,20210224161026,25.101423,121.527990,33,1
0254,立功立德路口,58,34,20210224161039,25.125377,121.471482,24,1
0255,光復南路22巷口,30,10,20210224161017,25.046914,121.557674,20,1
0256,中山中正路口,40,14,20210224161026,25.096507,121.527526,26,1
0257,錦德公園,34,3,20210224161016,25.023316,121.492637,31,1
0258,聯合醫院中興院區,40,20,20210224161051,25.052096,121.507979,20,1
0259,南京遼寧街口,36,5,20210224160936,25.051761,121.542168,31,1
0260,民權瑞光路口,36,18,20210224161044,25.068616,121.583991,16,1
0261,健康新城,44,16,20210224161031,25.054095,121.560928,28,1
0262,永安藝文館-表演36房,28,2,20210224161039,24.984144,121.569064,25,1
0263,至善臨溪路口,38,25,20210224161017,25.097103,121.542153,13,1
0264,秀山區民活動中心,28,10,20210224161040,25.145936,121.493009,18,1
0265,中央北路四段30巷口,30,1,20210224161029,25.135394,121.478000,28,1
0266,洲子一號公園,34,25,20210224161022,25.080258,121.564806,9,1
0267,八德中坡路口,38,3,20210224161016,25.050620,121.580194,34,1
0268,南港高工,30,4,20210224161040,25.056655,121.607055,26,1
0269,三軍總醫院,30,11,20210224161042,25.070723,121.590304,19,1
0270,雨農國小,34,14,20210224161034,25.105429,121.529217,20,1
0271,伊通長安路口,28,14,20210224161016,25.048334,121.534693,14,1
0272,忠順區民活動中心,32,6,20210224161029,24.984707,121.563125,25,1
0273,芝山國小,38,21,20210224161030,25.110437,121.535954,17,1
0274,扶輪親恩公園,34,18,20210224161024,25.066997,121.579833,15,1
0275,西本願寺廣場,58,20,20210224161030,25.040988,121.507688,37,1
0276,三興公園,38,1,20210224161022,25.028679,121.559320,37,1
0277,中山堂,32,27,20210224161038,25.044091,121.510250,5,1
0278,明美公園,32,17,20210224161038,25.062557,121.586065,13,1
0279,南港車站(興華路),48,4,20210224161019,25.053432,121.606331,43,1
0280,士林新天地,28,1,20210224161016,25.089034,121.517320,27,1
0281,松江公園,32,20,20210224161015,25.050245,121.532725,12,1
0282,富台公園,30,3,20210224161037,25.041935,121.571999,27,1
0283,中央北路四段540巷口,32,11,20210224161026,25.127959,121.467700,21,1
0284,華聲公園,44,10,20210224161034,25.096166,121.522096,34,1
0285,螢橋國小,40,3,20210224161022,25.025966,121.513770,37,1
0286,德明財經科技大學,44,5,20210224161042,25.086372,121.565713,29,1
0287,第二果菜批發市場,40,12,20210224161042,25.066424,121.537354,27,1
0288,濟南紹興路口,62,21,20210224161023,25.041928,121.524591,39,1
0289,牯嶺公園,44,0,20210224161027,25.023377,121.518835,44,1
0290,新生公園,26,1,20210224161039,25.068387,121.530188,24,1
0291,捷運松山站(3號出口),50,18,20210224161033,25.049616,121.577459,32,1
0292,合心廣場,40,8,20210224161020,25.046361,121.582848,32,1
0293,自來水園區,40,6,20210224161017,25.013284,121.530037,34,1
0294,朱崙商場,36,18,20210224161036,25.047617,121.540431,18,1
0295,敦親公園,26,8,20210224161030,25.023473,121.541083,18,1
0296,萬和二號公園,32,8,20210224161040,25.001545,121.536446,24,1
0297,長沙公園,26,3,20210224161032,25.041702,121.499922,23,1
0298,太原五原路口,32,4,20210224161031,25.056458,121.516976,28,1
0299,萬華國中,32,18,20210224161019,25.029264,121.499358,14,1
0300,信義基隆路口,28,14,20210224161031,25.033209,121.558731,14,1
0301,林森長春路口,28,7,20210224161036,25.055062,121.525383,21,1
0302,敦北公園,40,12,20210224161015,25.060746,121.550711,27,1
0303,安泰街83巷,34,0,20210224161037,25.076691,121.617085,33,1
0304,金華公園,32,4,20210224161024,25.029902,121.531235,27,1
0305,碧山公園,46,8,20210224161026,25.087413,121.592253,38,1
0306,捷運古亭站(6號出口),44,10,20210224161045,25.027781,121.521980,34,1
0307,仁愛安和路口,30,10,20210224161032,25.037570,121.552076,20,1
0308,西松高中,30,0,20210224161026,25.055672,121.567127,30,1
0309,三軍總醫院(松山分院),38,7,20210224161033,25.054470,121.556098,31,1
0310,國立臺北大學(臺北校區),32,12,20210224161020,25.057923,121.542732,19,1
0311,捷運忠孝新生站(2號出口),30,2,20210224161034,25.042392,121.532229,24,1
0312,捷運信義安和站(1號出口),34,6,20210224161019,25.033323,121.552787,28,1
0313,光華商場,64,0,20210104112936,25.045150,121.532738,0,0
0314,敦化長春路口,34,25,20210224161025,25.053614,121.548720,9,1
0315,捷運萬隆站(1號出口),38,18,20210224161041,25.001447,121.539037,20,1
0316,民有一號公園,34,8,20210224161017,25.060911,121.547630,26,1
0317,雙園國中,30,7,20210224160933,25.026823,121.491675,23,1
0318,成功金龍路口,30,11,20210224161016,25.084135,121.594840,19,1
0319,民族林森路口,38,17,20210224161017,25.068507,121.525322,21,1
0320,捷運南京三民站(3號出口),28,1,20210224161041,25.051287,121.564262,27,1
0321,莒光大埔街口,32,4,20210224161040,25.031334,121.505085,28,1
0322,永盛公園(民生東路一段23巷),30,18,20210224161021,25.058835,121.525040,12,1
0323,新興公園,26,4,20210224161030,25.061568,121.524392,22,1
0324,市立圖書館葫蘆堵分館,24,3,20210224161040,25.082210,121.510800,21,1
0325,南京東路六段368巷,40,9,20210224161032,25.058270,121.587070,27,1
0326,基隆路一段101巷口,30,1,20210224161022,25.045250,121.567090,29,1
0327,重慶南海路口,24,22,20210224161031,25.031580,121.514640,2,1
0328,一江公園,36,21,20210224160933,25.053160,121.531460,15,1
0329,樂群二明水路口,34,29,20210224161032,25.079830,121.552360,4,1
0330,迪化休閒運動公園,28,13,20210224161041,25.074910,121.511500,15,1
0331,民族玉門街口,34,2,20210224161017,25.068590,121.519740,32,1
0332,捷運中山站(2號出口),34,32,20210224161040,25.052250,121.521930,2,1
0333,復盛公園,28,4,20210224161046,25.047428,121.561182,24,1
0334,敦化南路二段103巷口,24,15,20210224161018,25.028973,121.549024,9,1
0335,景文中學,32,17,20210224161028,24.986301,121.567855,15,1
0336,承德路三段8巷口,22,5,20210224161021,25.063820,121.518150,17,1
0337,彩虹橋,30,0,20210224161025,25.053010,121.575920,30,1
0338,成德國中,32,1,20210224161042,25.045730,121.587940,31,1
0339,重慶國中,34,16,20210224161044,25.075810,121.518160,18,1
0340,南京光復路口,22,1,20210224161028,25.051430,121.557160,21,1
0341,捷運芝山站(1號出口),38,6,20210224161025,25.100940,121.522430,32,1
0342,文林建民路口,30,10,20210224161023,25.107790,121.514680,20,1
0343,忠孝東路六段185巷口,30,3,20210224161019,25.049040,121.587550,27,1
0344,捷運忠孝復興站(5號出口),42,0,20210224161037,25.042640,121.544010,42,1
0345,中正運動中心,52,30,20210224161042,25.038060,121.519430,22,1
0346,陽明高中,36,23,20210224161029,25.091570,121.516690,13,1
0347,博愛寶慶路口,26,19,20210224161018,25.041340,121.511350,7,1
0348,民生立體停車場,24,3,20210224161030,25.058522,121.55942,21,1
0349,重慶酒泉街口,28,3,20210224161020,25.071830,121.513640,25,1
0350,復興南路二段128巷口,32,11,20210224161027,25.029040,121.543360,21,1
0351,中山青島路口,38,20,20210224161038,25.044690,121.519540,16,1
0352,民權迪化街口,46,6,20210224161029,25.063180,121.509440,40,1
0353,紀州庵,30,0,20210224161034,25.020880,121.520490,30,1
0354,建國濟南路口,28,19,20210224161032,25.040033,121.538084,9,1
0355,福山公園,34,9,20210224161031,25.044780,121.617590,25,1
0356,臺北市網球中心,32,10,20210224161045,25.067400,121.597490,22,1
0357,松友公園,26,8,20210224161035,25.034230,121.576360,18,1
0358,新明成功路口,30,23,20210224161037,25.060580,121.591100,5,1
0359,健安新城,34,3,20210224161039,25.056010,121.563580,29,1
0360,民權建國路口,44,14,20210224161027,25.062520,121.537540,29,1
0361,振興醫院,32,13,20210224161033,25.117700,121.522200,19,1
0362,和平金山路口,30,5,20210224161020,25.026720,121.525330,25,1
0363,復興南路一段340巷口,32,5,20210224161033,25.036170,121.543500,27,1
0364,嘉興公園,38,9,20210224161042,25.021090,121.552190,29,1
0365,陽明大學,50,7,20210224161015,25.119120,121.512230,43,1
0366,碧湖公園,42,5,20210224161048,25.079880,121.582870,37,1
0367,豐年公園,30,1,20210224161037,25.135970,121.497019,28,1
0368,臺灣戲曲中心,44,15,20210224161024,25.102080,121.519790,29,1
0369,世新大學,34,21,20210224161027,24.988620,121.543610,13,1
0370,新和國小,32,5,20210224161043,25.026560,121.502420,27,1
0371,南門國中,38,25,20210224161029,25.035320,121.508340,13,1
0372,重慶民族路口,26,1,20210224161037,25.068250,121.513590,25,1
0373,中崙福成宮,32,2,20210224161034,25.045250,121.546635,30,1
0374,麗湖國小,34,5,20210224161026,25.073322,121.602225,29,1
0375,銘傳大學,48,36,20210224161035,25.087714,121.526766,12,1
0376,民生建國路口,36,6,20210224161021,25.057778,121.536915,30,1
0377,南港路二段178巷口,30,5,20210224161024,25.053675,121.599693,25,1
0378,陽光街321巷口,42,0,20201221161727,25.073193,121.578691,0,0
0379,春光公園,38,0,20210224161043,25.042619,121.580762,38,1
0380,塔悠疏散門,30,2,20210224161026,25.064713,121.567899,28,1
0381,民權東路六段15巷,30,14,20210224161038,25.068530,121.578125,14,1
0382,聯合醫院和平院區,42,3,20210224161026,25.035160,121.506390,39,1
0383,一壽橋,26,3,20210224160928,24.978480,121.555450,23,1
0384,松基公園,30,18,20210224161038,25.054910,121.544800,12,1
0385,和興路26巷口,40,1,20210224161025,24.985600,121.545310,39,1
0386,錦州吉林路口,30,9,20210224161021,25.060290,121.529810,21,1
0387,吳興街260巷,32,5,20210224161042,25.026100,121.563160,27,1
0388,景華街128巷口,24,1,20210224161033,24.995563,121.547092,21,1
0389,福德國小,30,16,20210224161026,25.038324,121.586245,13,1
0390,稻香重三路口,34,2,20210224161044,25.139937,121.489594,32,1
0391,景仁公園,30,1,20210224161020,24.996600,121.540295,29,1
0392,南京東興路口,30,5,20210224161029,25.051489,121.565347,25,1
0393,內溝溪生態展示館,24,1,20210224161043,25.087217,121.623062,23,1
0394,松德虎林街口,32,3,20210224161038,25.038352,121.576248,29,1
0395,安強公園,28,7,20210224161019,25.036844,121.575413,21,1
0396,新東街51巷口,28,1,20210224161024,25.061501,121.563318,27,1
0397,劍潭海外青年活動中心,36,12,20210224161024,25.079603,121.523700,23,1
0398,聯合醫院陽明院區,30,8,20210224161032,25.104546,121.531949,20,1
0399,和平龍泉街口,34,0,20210224161021,25.026404,121.529460,33,1
0400,和平敦化路口,34,11,20210224161017,25.024440,121.549076,23,1
0401,南京新生路口,34,3,20210224161034,25.051944,121.527661,31,1
0402,下灣公園,28,5,20210224161029,25.065159,121.595611,23,1
0403,捷運內湖站(1號出口),28,13,20210224160940,25.083868,121.593929,14,1
0404,民族延平路口,30,4,20210224161026,25.068653,121.510569,26,1
0405,捷運科技大樓站(台北教育大學),66,11,20210224161030,25.024685,121.544156,52,1
